<application>
  <component name="FileTypeManager" version="19">
    <extensionMap>
      <mapping pattern="沉浸式" type="AUTO_DETECTED" />
      <mapping pattern="-1798716752107047116" type="AUTO_DETECTED" />
      <mapping pattern="LICENSE" type="AUTO_DETECTED" />
      <mapping pattern="temp" type="AUTO_DETECTED" />
      <mapping pattern="me_and_database" type="AUTO_DETECTED" />
      <mapping ext="gradle.kts" type="Kotlin" />
      <mapping ext="main.kts" type="Kotlin" />
      <mapping pattern="preprogress" type="PLAIN_TEXT" />
      <mapping pattern="channel" type="PLAIN_TEXT" />
      <mapping pattern="validstep4" type="PLAIN_TEXT" />
      <mapping pattern=".keep" type="PLAIN_TEXT" />
      <mapping pattern="validstep1" type="PLAIN_TEXT" />
      <mapping pattern="validstep2" type="PLAIN_TEXT" />
      <mapping pattern="validstep3" type="PLAIN_TEXT" />
      <mapping pattern="mmail" type="PLAIN_TEXT" />
      <mapping pattern=".metadata" type="PLAIN_TEXT" />
      <mapping pattern="000_smile" type="PLAIN_TEXT" />
      <mapping pattern="000_lion" type="PLAIN_TEXT" />
      <mapping pattern="default.json" type="PLAIN_TEXT" />
      <mapping pattern="pdf" type="PLAIN_TEXT" />
      <mapping pattern="keep" type="PLAIN_TEXT" />
      <mapping pattern="region" type="PLAIN_TEXT" />
      <mapping ext="bak" type="PLAIN_TEXT" />
      <mapping ext="svga" type="PLAIN_TEXT" />
      <mapping ext="config" type="PLAIN_TEXT" />
      <mapping ext="gz" type="PLAIN_TEXT" />
      <mapping ext="keystore" type="PLAIN_TEXT" />
      <mapping ext="db" type="SQL" />
      <mapping ext="dat" type="SQL" />
      <mapping pattern="activity_puzzle" type="XML" />
      <removed_mapping ext="apk" approved="true" type="ARCHIVE" />
      <removed_mapping ext="pro" approved="true" type="DeviceSpecFile" />
      <removed_mapping ext="psd" approved="true" type="Image" />
      <removed_mapping pattern="pubspec.lock" approved="true" type="YAML" />
      <mapping ext="dat" type="SQL" />
      <mapping ext="db" type="SQL" />
      <mapping ext="plantuml" type="PlantUML file" />
    </extensionMap>
  </component>
</application>