<application>
  <component name="FindSettings">
    <option name="customScope" value="All Places" />
    <option name="defaultScopeName" value="All Places" />
    <option name="regularExpressions" value="true" />
    <option name="REGULAR_EXPRESSIONS" value="true" />
    <option name="SEARCH_SCOPE" value="All Places" />
    <mask>*.css</mask>
    <mask>*.html</mask>
    <mask>*.jsp</mask>
    <mask>*.txt</mask>
    <mask>*.java</mask>
    <mask>strings.xml</mask>
    <mask>*.properties</mask>
    <mask>*.kt</mask>
    <mask>*.dart</mask>
    <mask>*.yaml</mask>
    <mask>*.xml</mask>
    <mask>*.gradle</mask>
  </component>
</application>