<application>
  <component name="BuildProcessSatisfactionSurveyStore">
    <option name="daysWithGradleBuilds" value="17" />
    <option name="firstKotlinGradleBuildTime" value="1732539691" />
    <option name="lastKotlinGradleBuildTime" value="1736219955" />
    <option name="nextCountedGradleBuild" value="1736232203" />
  </component>
  <component name="KotlinNewUserTracker">
    <option name="firstKtFileOpened" value="1733237048" />
    <option name="lastKtFileOpened" value="1736305585" />
    <option name="newKtUserSince" value="1733237048" />
  </component>
</application>