<application>
  <component name="DimensionService">
    <location key="WELCOME_SCREEN.0.0.3584.2240@192dpi" x="1792" y="600" />
    <location key="find.popup.0.0.3584.2240@192dpi" x="806" y="418" />
    <location key="find.popup.1728.0.1920.1080" x="2622" y="160" />
    <location key="find.popup.0.0.3456.2234@192dpi" x="1694" y="352" />
    <size key="find.popup.0.0.3584.2240@192dpi" width="2060" height="1080" />
    <size key="GridCell.Tab.0.right.0.0.3584.2240@192dpi" width="3250" height="636" />
    <size key="GridCell.Tab.0.left.0.0.3584.2240@192dpi" width="3250" height="636" />
    <size key="GridCell.Tab.0.center.0.0.3584.2240@192dpi" width="3250" height="636" />
    <size key="GridCell.Tab.0.bottom.0.0.3584.2240@192dpi" width="3250" height="636" />
    <size key="GridCell.Tab.1.left.0.0.3584.2240@192dpi" width="3250" height="636" />
    <size key="GridCell.Tab.1.center.0.0.3584.2240@192dpi" width="3250" height="636" />
    <size key="GridCell.Tab.1.right.0.0.3584.2240@192dpi" width="3250" height="636" />
    <size key="GridCell.Tab.1.bottom.0.0.3584.2240@192dpi" width="3250" height="636" />
    <size key="find.popup.1728.0.1920.1080" width="688" height="540" />
    <size key="GridCell.Tab.0.right.1728.0.1920.1080" width="1504" height="223" />
    <size key="GridCell.Tab.0.left.1728.0.1920.1080" width="1504" height="223" />
    <size key="GridCell.Tab.0.center.1728.0.1920.1080" width="1504" height="223" />
    <size key="GridCell.Tab.0.bottom.1728.0.1920.1080" width="1504" height="223" />
    <size key="GridCell.Tab.1.left.1728.0.1920.1080" width="1504" height="305" />
    <size key="GridCell.Tab.1.center.1728.0.1920.1080" width="1504" height="305" />
    <size key="GridCell.Tab.1.right.1728.0.1920.1080" width="1504" height="305" />
    <size key="GridCell.Tab.1.bottom.1728.0.1920.1080" width="1504" height="305" />
    <size key="find.popup.0.0.3456.2234@192dpi" width="1398" height="1106" />
    <size key="GridCell.Tab.0.left.0.0.3456.2234@192dpi" width="2636" height="610" />
    <size key="GridCell.Tab.0.center.0.0.3456.2234@192dpi" width="2636" height="610" />
    <size key="GridCell.Tab.0.right.0.0.3456.2234@192dpi" width="2636" height="610" />
    <size key="GridCell.Tab.0.bottom.0.0.3456.2234@192dpi" width="2636" height="610" />
    <size key="GridCell.Tab.1.left.0.0.3456.2234@192dpi" width="2636" height="610" />
    <size key="GridCell.Tab.1.center.0.0.3456.2234@192dpi" width="2636" height="610" />
    <size key="GridCell.Tab.1.right.0.0.3456.2234@192dpi" width="2636" height="610" />
    <size key="GridCell.Tab.1.bottom.0.0.3456.2234@192dpi" width="2636" height="610" />
  </component>
  <component name="WindowManager">
    <frame x="204" y="77" width="1400" height="1000" />
  </component>
  <component name="WindowStateApplicationService">
    <state width="645" height="154" key="ShowUsagesActions.dimensionServiceKey" timestamp="1736305313040">
      <screen x="84" y="38" width="1644" height="1079" />
    </state>
    <state width="653" height="720" key="ShowUsagesActions.dimensionServiceKey/77.38.1651.1079" timestamp="1735211035544" />
    <state width="605" height="254" key="ShowUsagesActions.dimensionServiceKey/77.38.1651.1079/1728.25.1920.1055" timestamp="1735798669964" />
    <state width="674" height="134" key="ShowUsagesActions.dimensionServiceKey/80.38.1648.1079" timestamp="1735209716785" />
    <state width="704" height="134" key="ShowUsagesActions.dimensionServiceKey/80.38.1648.1079/1728.25.1920.1055" timestamp="1736153976156" />
    <state width="645" height="154" key="ShowUsagesActions.dimensionServiceKey/84.38.1644.1079/1728.25.1920.1055" timestamp="1736305313040" />
    <state width="650" height="127" key="ShowUsagesActions.dimensionServiceKey/85.25.1707.1095" timestamp="1733857400637" />
    <state width="618" height="154" key="ShowUsagesActions.dimensionServiceKey/88.38.1640.1079" timestamp="1734075209894" />
    <state width="692" height="154" key="ShowUsagesActions.dimensionServiceKey/88.38.1640.1079/1728.25.1920.1055" timestamp="1735875224582" />
    <state x="907" y="506" width="801" height="650" key="WELCOME_SCREEN" timestamp="1735811010152">
      <screen x="88" y="38" width="1640" height="1079" />
    </state>
    <state x="904" y="506" width="804" height="650" key="WELCOME_SCREEN/80.38.1648.1079/1728.25.1920.1055" timestamp="1735630182765" />
    <state x="938" y="498" width="800" height="650" key="WELCOME_SCREEN/85.25.1707.1095" timestamp="1733447982151" />
    <state x="908" y="506" width="800" height="650" key="WELCOME_SCREEN/88.38.1640.1079" timestamp="1734077468297" />
    <state x="907" y="506" width="801" height="650" key="WELCOME_SCREEN/88.38.1640.1079/1728.25.1920.1055" timestamp="1735811010152" />
    <state x="852" y="176" width="643" height="540" key="find.popup" timestamp="1734069598292">
      <screen x="88" y="38" width="1640" height="1079" />
    </state>
    <state x="852" y="176" width="643" height="540" key="find.popup/88.38.1640.1079" timestamp="1734069598292" />
  </component>
</application>